Id,Prediction
101.0,0.99376767225679
102.0,0.8205359414474344
103.0,0.05728319173317568
104.0,0.9758997887874746
105.0,0.38260170128477244
106.0,0.8910297789939453
107.0,0.2089547666196572
108.0,0.09817408201870795
109.0,0.03410399439598665
110.0,0.31166271894086234
111.0,0.6868805124080275
112.0,0.20873411247858562
113.0,0.23856176497590628
114.0,0.999627792129437
115.0,0.00020999557887051216
116.0,0.8279765128579057
117.0,0.9341018492582122
118.0,0.9867236578384088
119.0,0.020539596349293275
120.0,0.09356418930330104
121.0,0.3488840719641189
122.0,0.7279908965202502
123.0,0.8861950254403976
124.0,0.9221001461340896
125.0,0.6849082371714534
126.0,0.09056422796036782
127.0,0.9421523081099752
128.0,0.5749909088312052
129.0,0.21321478070644923
130.0,0.9500102107105498
131.0,0.9999995454693312
132.0,0.9997156117672044
133.0,0.9947977181092706
134.0,0.659496661943883
135.0,0.9922140864556178
136.0,0.9870575410820449
137.0,0.5345847769587588
138.0,0.9241928457553681
139.0,0.010416395278792094
140.0,0.9835817305076229
141.0,0.8984536843674882
142.0,0.4897820299093394
143.0,0.6410172760838811
144.0,0.7935615441131801
145.0,0.9578149141154334
146.0,0.7767211941289044
147.0,0.8482408526085862
148.0,0.9553737127603756
149.0,0.9425392951425332
150.0,0.04597930770593053
151.0,0.4924952531157233
152.0,0.10398219176682891
153.0,0.9986421247580132
154.0,0.9973864561639468
155.0,0.4017113525711186
156.0,0.15778512484964544
157.0,0.24370542480272778
158.0,0.11210042262956038
159.0,0.8999699344435359
160.0,0.008053387165814824
161.0,0.21058209455820556
162.0,0.9994700143709349
163.0,0.6522148599642044
164.0,0.942627842061334
165.0,0.9888833533273681
166.0,0.39356220633517225
167.0,0.34956215117491685
168.0,0.0728630703360997
169.0,0.3901595889994714
170.0,0.7574028036084918
171.0,0.9952915132206344
172.0,0.07603140506867408
173.0,0.9996488870727965
174.0,0.5099169822563859
175.0,0.9540297048568734
176.0,0.2818032195365892
177.0,0.9927421213660316
178.0,0.3284203951663197
179.0,0.21940001623211206
180.0,0.5043496844238123
181.0,0.10713213964852218
182.0,0.016173397223664943
183.0,0.8776317152936951
184.0,0.45068384556159025
185.0,0.9999999119944942
186.0,0.10516045140417898
187.0,0.538253855870316
188.0,0.7254829369050431
189.0,0.9149603714659661
190.0,0.13435413510339772
191.0,0.2021730215071468
192.0,0.21027257338412317
193.0,0.030194682176051424
194.0,0.3261238631430709
201.0,0.6035210793511528
202.0,0.5214385916556972
203.0,0.7306175761711069
204.0,0.10457079125190831
205.0,0.35386658532563925
206.0,0.7516260347198636
207.0,0.8499576059376965
208.0,0.009810397680426
209.0,0.21783939407300737
210.0,0.1135491670905955
211.0,0.3682918532009474
212.0,0.3873912917411097
213.0,0.5711698612469768
214.0,0.4374697655741565
215.0,0.993714492318489
216.0,0.663556916596128
217.0,0.017712143250142906
218.0,0.29572509601654684
219.0,0.43588180732243786
220.0,0.1877631973614559
221.0,0.41813072280739944
222.0,0.1816828211677837
223.0,0.7129466132644005
224.0,0.44243821329150534
225.0,0.23509679294918995
226.0,0.5829606394896172
227.0,0.10587446652359095
228.0,0.6006344402870648
229.0,0.9687616468801491
230.0,0.1779616622301399
231.0,0.5758662249483871
232.0,0.2156885726792229
233.0,0.2504812942069071
234.0,0.03138704403089426
235.0,0.06194039893035594
236.0,0.23115240048439278
237.0,0.7239433589843758
238.0,0.49849119351143834
239.0,0.9907724747229825
240.0,0.1982036096082958
241.0,0.040764844063699936
242.0,0.5616072902613386
243.0,0.037083845903930074
244.0,0.11219549510717096
245.0,0.48804454571611694
246.0,0.05081928809368667
247.0,0.93270807087048
248.0,0.05947446566159402
249.0,0.8794866793315477
250.0,0.39190949965362193
251.0,0.1785609226884772
252.0,0.051704943932167555
253.0,0.8963928002761613
254.0,0.029870262667979926
255.0,0.9940934275196789
256.0,0.19838944721786445
257.0,0.6611128961388636
258.0,0.7851158109902695
259.0,0.3697944520168542
260.0,0.45603531831921956
261.0,0.13373401498351473
262.0,0.7412030050683996
263.0,0.9307818832129011
264.0,0.0030722068559002275
265.0,0.8180662775200115
266.0,0.5322614891512625
267.0,0.00997473782429087
268.0,0.5936806864044901
269.0,0.6060046044000904
270.0,0.503216867894825
271.0,0.22204535667659867
272.0,0.14690501083559396
273.0,0.06328403676302029
274.0,0.24027005723986783
275.0,0.3471855582260933
276.0,0.3783073754286928
277.0,0.08531276848781913
278.0,0.837183665713928
279.0,0.7152611250875152
280.0,0.9246901250516545
281.0,0.7164827856889185
282.0,0.7410101327391635
283.0,0.1874778945244688
284.0,0.35958873389371987
285.0,0.014487010216950326
286.0,0.08048446749533589
287.0,0.10478851293190652
288.0,0.7152779010064144
289.0,0.6090471464660084
290.0,0.7191202496161472
291.0,0.8196509851760264
292.0,0.38804480926602064
293.0,0.6729784584575162
294.0,0.3457111249424032
301.0,0.6066725148191292
302.0,0.2444524723518911
303.0,0.8564269037034051
304.0,0.007542554382125581
305.0,0.4055131705720299
306.0,0.0715958322599584
307.0,0.8088087791917149
308.0,0.2970129057077192
309.0,0.9828384692463584
310.0,0.019166049725752535
311.0,0.9029623887841103
312.0,0.289333597245128
313.0,0.02029572794724662
314.0,0.22625358122510444
315.0,0.8952568106387245
316.0,0.5320801833176478
317.0,0.5683824169370216
318.0,0.2415225504081158
319.0,0.74204081660291
320.0,0.5530943801931232
321.0,0.6234124525594211
322.0,0.4805644889068223
323.0,0.03618631496895446
324.0,0.044760720093104646
325.0,0.4022816707800848
326.0,0.28520453757720166
327.0,0.6142949120079808
328.0,0.1156436385858674
329.0,0.7852007308433535
330.0,0.7858481924093227
331.0,0.6528809864289518
332.0,0.591283819161032
333.0,0.31714575074455453
334.0,0.19267692675888262
335.0,0.14158637867758736
336.0,0.40387712687162103
337.0,0.5749073054958251
338.0,0.42867023597512516
339.0,0.17431638077966105
340.0,0.5399412962874504
341.0,0.653134696991189
342.0,0.4904933065987113
343.0,0.23994865524333947
344.0,0.9495537349799636
345.0,0.9760117742705151
346.0,0.2281511408358775
347.0,0.44283652521683614
348.0,0.588072641541932
349.0,0.043926449705138024
350.0,0.3828816500596682
351.0,0.16665690726694757
352.0,0.5984332355536208
353.0,0.3279271516949556
354.0,0.5198387764895447
355.0,0.6317625363190167
356.0,1.2025013083154048e-06
357.0,0.13396410098610825
358.0,0.9905207971179438
359.0,0.8714021214377825
360.0,0.04792423410802207
361.0,0.009240374613346595
362.0,0.1784344365408508
363.0,0.38167811069915925
364.0,0.10698464595034392
365.0,0.7262407189332418
366.0,0.949901077547462
367.0,0.06542851245553648
368.0,0.03977883398256052
369.0,0.6184710605452268
370.0,0.39273339712143984
371.0,0.16573691318207287
372.0,0.11186399623523002
373.0,0.40487247499338225
374.0,0.5567374859886944
375.0,0.8852208695063737
376.0,0.6648534052188022
377.0,0.19131230243413955
378.0,0.6452019719513891
379.0,0.2462271758842565
380.0,0.8718228413153669
381.0,0.7828155636553498
382.0,0.10070569448759176
383.0,0.2678500845088178
384.0,0.7047040178012239
385.0,0.8965926647116361
386.0,0.16641279181637866
387.0,0.5743322887576062
388.0,0.04694148745022582
389.0,0.12935019903492154
390.0,0.016208377208569377
391.0,0.27252577953616486
392.0,0.8621669001056743
393.0,0.06297399864976787
394.0,0.37891333842744573
401.0,0.3265554014960269
402.0,0.0006409077768555167
403.0,0.003673892044314456
404.0,0.004562665123279672
405.0,0.0056382975791814255
406.0,0.07082921209532732
407.0,0.028945625910320658
408.0,0.07817760669673883
409.0,0.019500001826520903
410.0,0.7666893872118723
411.0,0.0003253590706528432
412.0,0.030539246737620453
413.0,0.06739786075226695
414.0,0.004785847916918916
415.0,0.05756936246187596
416.0,0.1430675735917348
417.0,0.10877418561061059
418.0,0.005872741068300306
419.0,0.026199000109362228
420.0,0.0006048148516364986
421.0,1.8272537610995744e-06
422.0,0.9658165770006634
423.0,0.1615822264067668
424.0,0.0032865700466642284
425.0,0.0076791594385747985
426.0,0.12274890849772985
427.0,0.2457685106498849
428.0,0.03297151397522832
429.0,0.19570933781296865
430.0,0.0017075019966514141
431.0,0.06575485096398806
432.0,0.028072705104957726
433.0,0.18941688529278758
434.0,0.011096756400643618
435.0,0.004581886700121044
436.0,0.09735246718265116
437.0,0.011780918800433495
438.0,0.02003269144225962
439.0,0.016536133759476677
440.0,0.0174737238563914
441.0,0.0008121659174755908
442.0,0.01673745763543778
443.0,0.29412440710524757
444.0,0.9440080555801527
445.0,0.044618662060009175
446.0,0.03299269455179083
447.0,0.0012671236157312594
448.0,0.056418331612679846
449.0,0.6511025974532063
450.0,0.006277395872731619
451.0,0.1326324588856276
452.0,0.02377184092607799
453.0,0.0385792313498576
454.0,2.7731522146984634e-66
455.0,0.013278487642757218
456.0,0.7787146791582465
457.0,0.15895856446520104
458.0,0.002223087074020694
459.0,0.053117960932693865
460.0,0.0006497274329292083
461.0,0.3476968936885145
462.0,0.02350138099094281
463.0,0.053357813159595834
464.0,0.6767412855797496
465.0,0.39047271537307365
466.0,0.01663550529135844
467.0,0.0013934161169395253
468.0,0.0684638863577711
469.0,0.04917021806477248
470.0,0.12058870230084143
471.0,0.07543714577150841
472.0,0.026315344812606205
473.0,0.0003698133456480545
474.0,0.03916539415568572
475.0,0.0002580875080087979
476.0,0.015920383791027375
477.0,0.9141338297769788
478.0,0.00883847954717497
479.0,0.015760128175689458
480.0,0.02534424337855174
481.0,0.11120736583350924
482.0,0.010407131481836557
483.0,0.07220134115181535
484.0,0.0048154521122520414
485.0,0.08318393945997585
486.0,0.033635751156723084
487.0,0.20558815030898459
488.0,0.049404237289131576
489.0,0.027659117750984584
490.0,0.06664052623873311
491.0,0.9596937560452784
492.0,0.003381922975746073
493.0,0.004492874081904859
494.0,0.3972062261955622
501.0,0.7681778368749428
502.0,0.004409658311919467
503.0,0.5053271649073668
504.0,0.3887020810269998
505.0,0.06668142572193088
506.0,0.9130094748593881
507.0,0.3319049957859172
508.0,0.9373529710895547
509.0,0.9083219517749644
510.0,0.25334494698263466
511.0,0.06582925869999302
512.0,0.2958550211299227
513.0,0.17965380873245315
514.0,0.024885629185661687
515.0,0.6682161260928925
516.0,0.022855572569888107
517.0,0.03228737402321581
518.0,0.1144012738123679
519.0,0.4552078879117022
520.0,0.6043106592210887
521.0,0.9755626510779977
522.0,0.6449908518915716
523.0,0.6169269708868671
524.0,0.3257295149701923
525.0,0.24146942319008036
526.0,0.6887955402322287
527.0,0.577094154603021
528.0,0.42745404704354545
529.0,0.5958356802522535
530.0,0.550778881758486
531.0,0.01331986914042995
532.0,0.20439006578117663
533.0,0.551230237368695
534.0,0.14449587380884374
535.0,0.474237365383628
536.0,0.4141429420861059
537.0,0.5625682529894142
538.0,0.24921521949634728
539.0,0.9732370932269306
540.0,0.0019880720041308
541.0,0.6586157308370159
542.0,0.9794262894225292
543.0,0.6848824641588012
544.0,0.0747181784617436
545.0,0.06699392752731181
546.0,0.05207984502197617
547.0,0.01793569232485898
548.0,0.007038782960153387
549.0,0.0006796261559767778
550.0,0.003380795942129994
551.0,0.8075366085084156
552.0,0.05663273049212135
553.0,0.005822352232844157
554.0,0.027858295266409015
555.0,0.8407784531428517
556.0,0.11976298611618473
557.0,0.952535771452603
558.0,0.027518338412267154
559.0,0.9278733834440603
560.0,0.3912864648417027
561.0,0.9206670922051687
562.0,0.01818897890547787
563.0,0.8440339998462768
564.0,0.8231549926852606
565.0,0.024836212161365792
566.0,0.25089007608075964
567.0,0.9430583416635678
568.0,0.82351791566566
569.0,0.3894555236239392
570.0,0.6275268820097492
571.0,0.03500122016215584
572.0,0.6407101271198476
573.0,0.08236028065539948
574.0,0.14143517461594965
575.0,0.7944977107819677
576.0,0.22908834753513413
577.0,0.0011098807023210632
578.0,0.9500210881368008
579.0,0.35671465810744435
580.0,0.08435577784080944
581.0,0.41309480473371235
582.0,0.4098774302069898
583.0,0.545837895127938
584.0,0.17663779314938707
585.0,0.7038294772941626
586.0,0.9826070062009354
587.0,0.1048544660302514
588.0,0.9645609118551076
589.0,0.8803607947466991
590.0,0.9633275179811396
591.0,0.4043935199657594
592.0,0.8334465428626172
593.0,0.6227035523377014
594.0,0.5490112406311257
601.0,0.006151029445829439
602.0,0.9138425921289898
603.0,0.579573357562357
604.0,0.09781752310526472
605.0,0.2255629292227096
606.0,0.2983788604572109
607.0,0.5659509041782305
608.0,0.057403798972570065
609.0,0.8942751363904083
610.0,0.0817044478657127
611.0,0.14285280298517145
612.0,0.5893243526676357
613.0,0.1125272116636849
614.0,0.003659914469873102
615.0,0.28333396801753585
616.0,0.5713671258585554
617.0,0.7681032687233538
618.0,0.25613147190358926
619.0,0.17629437187769292
620.0,0.1219758974418907
621.0,0.2157906028762577
622.0,0.09452224474624678
623.0,0.19131229487897408
624.0,0.18737657739147778
625.0,0.15042699454275427
626.0,0.3012977038034521
627.0,0.20286624403909143
628.0,0.732980546169814
629.0,0.7922968871262978
630.0,0.4674516374011085
631.0,0.6660575490429933
632.0,0.0008718117700201245
633.0,0.5388674288398051
634.0,0.5744906502327678
635.0,0.5493056549446663
636.0,0.7241869191872831
637.0,0.1766323507085742
638.0,0.5683243665949687
639.0,0.07939847540279556
640.0,0.6658618382455899
641.0,0.6592095626658474
642.0,0.005425892407448426
643.0,0.8355737561781107
644.0,0.2890732616233921
645.0,0.5121779429419514
646.0,0.45639733012695677
647.0,0.0017376600991389547
648.0,0.8199160581577196
649.0,0.12946093624252603
650.0,0.004265205233135826
651.0,0.7190965806597933
652.0,0.8520547721908914
653.0,0.3330116706701799
654.0,0.7043447205564437
655.0,0.9409318069000956
656.0,0.001307958103099719
657.0,0.2201631634577232
658.0,0.30410302396989153
659.0,0.5000343544150863
660.0,0.7149981212919148
661.0,0.9221780314386219
662.0,0.1674707485449567
663.0,0.40025202382617553
664.0,0.6356980954020527
665.0,0.10806149570966272
666.0,0.9227110707119626
667.0,0.6415782365189573
668.0,0.2496345332677165
669.0,0.40387865277745383
670.0,0.03184531540714059
671.0,0.3319731846251172
672.0,0.4112289408784787
673.0,0.3106526510908145
674.0,0.2294883087271831
675.0,0.08649786840782156
676.0,0.5102733770611821
677.0,0.05314433461510648
678.0,0.6971382259747418
679.0,0.7570295734892203
680.0,0.1393066911622971
681.0,0.08567410586369745
682.0,0.8791874583914426
683.0,0.16199545274604205
684.0,0.3066713299543112
685.0,0.042036211897599304
686.0,0.4334382580983382
687.0,0.4149931120380363
688.0,0.3229230285394801
689.0,0.6414575023500036
690.0,0.137225663499014
691.0,0.9987442863776981
692.0,0.36611492311311644
693.0,0.48053018136120357
694.0,0.7713897336180083
701.0,0.6294127310927755
702.0,0.16929788819699343
703.0,0.9230601777034099
704.0,0.02401260945118874
705.0,0.3785120269458489
706.0,0.9076823021711761
707.0,0.009984314704421945
708.0,0.48789043190872855
709.0,0.9669097381745858
710.0,0.04795141299414409
711.0,0.1491249825385921
712.0,0.4886927979254093
713.0,0.23862725826648123
714.0,0.13248757511955764
715.0,0.7339264974472182
716.0,0.39656660570217783
717.0,0.07339801124913371
718.0,0.20387847705700476
719.0,0.21778855057760896
720.0,0.8958386462131553
721.0,0.6314717239931693
722.0,0.1454340969720404
723.0,0.4607658811556209
724.0,0.12322303173975552
725.0,0.6769774773554568
726.0,0.22818213822510036
727.0,0.25867254387596933
728.0,0.28202714704572834
729.0,0.3646023904528805
730.0,0.16604965611526587
731.0,0.7476499000122677
732.0,0.23776861592403084
733.0,0.15811019240435348
734.0,0.6186737793503427
735.0,0.908860104248533
736.0,0.30602311606223737
737.0,0.0895583226518274
738.0,0.2725928697098378
739.0,0.11436891953122094
740.0,0.4033525993988648
741.0,0.8940391802204039
742.0,0.04306969212064585
743.0,0.17102149546013556
744.0,0.17279624503641958
745.0,0.6941914834954389
746.0,0.3765446942676668
747.0,0.908950245519596
748.0,0.24805889315624854
749.0,0.31335155640206924
750.0,0.9781517339821854
751.0,0.4672279859997117
752.0,0.016459942375687955
753.0,0.6218640398836881
754.0,0.007101909283673099
755.0,0.6353123687395618
756.0,0.04008389787022392
757.0,0.23036693995909494
758.0,0.22313448257565777
759.0,0.1456436506433675
760.0,0.39053337452577974
761.0,0.029305362367566857
762.0,0.4099122485131612
763.0,0.07811081414578538
764.0,0.8991283263942494
765.0,0.2657955081568877
766.0,0.2091898607695894
767.0,0.04371003519861188
768.0,0.013484071363975222
769.0,0.7859620814409654
770.0,0.053088238803735484
771.0,0.11765072894107302
772.0,0.8694571084956383
773.0,0.22263024694360117
774.0,0.5936750330799185
775.0,0.21890732306927532
776.0,0.09676511227202429
777.0,0.7145218775908196
778.0,0.06793096310406321
779.0,0.10627650964533383
780.0,0.4498524530021904
781.0,0.0002269211311786877
782.0,0.3238798332614729
783.0,0.31893040681648493
784.0,0.17162399410063917
785.0,0.5996012730609622
786.0,0.4038680302209552
787.0,0.9746651024681737
788.0,0.38356576167195805
789.0,0.8782530043742679
790.0,0.4039205016672103
791.0,0.15695847559700435
792.0,0.05497285239636586
793.0,0.6505597718073178
794.0,0.24936362952256583
801.0,0.9627980181428295
802.0,0.6884513741708072
803.0,0.005518840657660728
804.0,0.05536598863864419
805.0,0.7401714421926301
806.0,0.7449374303530871
807.0,0.40598712700808826
808.0,0.6932093164008288
809.0,0.2862645760850622
810.0,0.2406082786934052
811.0,0.8060978164060842
812.0,0.5938687416008339
813.0,0.13961828370199847
814.0,0.36403667409766477
815.0,0.9999768239468274
816.0,0.26388620522319123
817.0,0.9963465667628728
818.0,0.024126323690965165
819.0,0.9713196672650534
820.0,0.8103467601676071
821.0,0.9954985985359025
822.0,0.999189848081834
823.0,0.3845470064675832
824.0,0.47284276560140853
825.0,0.169845553871593
826.0,0.847528555302563
827.0,0.9509124228297618
828.0,0.1872615488923577
829.0,0.9001026687502183
830.0,0.8983176392322458
831.0,0.9858508761835291
832.0,0.8895737563790459
833.0,0.5273944184248769
834.0,0.46959523886915033
835.0,0.14370097480127764
836.0,0.8296404059535046
837.0,0.8061667209983311
838.0,0.05714545888356181
839.0,0.07905537583480833
840.0,0.3700433355764803
841.0,0.23924563584985592
842.0,0.5906834536897972
843.0,0.9743629279814567
844.0,0.5448416073438421
845.0,0.5082262459319341
846.0,0.25483533334792613
847.0,0.757748338508858
848.0,0.8031051402655212
849.0,0.5038373369475121
850.0,0.8788294735540843
851.0,0.21875708081740275
852.0,0.2441228949015255
853.0,0.6228962519266822
854.0,0.40098387812364716
855.0,0.9825139701049441
856.0,0.5607031056438488
857.0,0.6960138303190273
858.0,0.3446530644043945
859.0,0.9543616431809556
860.0,0.32647634531491115
861.0,0.6885830876572336
862.0,0.170273074968546
863.0,0.9411080669357866
864.0,0.004703928418694705
865.0,0.0741279875682607
866.0,0.7783266240568979
867.0,0.07375561087865476
868.0,0.17109968439373088
869.0,0.6072511751002055
870.0,0.6595836417308955
871.0,0.17299683316313894
872.0,0.696600278633418
873.0,0.5021287295594385
874.0,0.6344568806143758
875.0,0.5789059969133592
876.0,0.9996931031864685
877.0,0.6540623215746875
878.0,0.6806416090907393
879.0,0.3830959496245479
880.0,0.5573570571462911
881.0,0.21080142924897008
882.0,0.8289634018526675
883.0,0.008207506403332801
884.0,0.7339518707265461
885.0,0.5506792233913175
886.0,0.7962652285199168
887.0,0.979251596464386
888.0,0.7594680954429169
889.0,0.3803345189346365
890.0,0.729305550261502
891.0,0.1686407161627251
892.0,0.9630856512201504
893.0,0.7504668927286249
894.0,0.463315778796972
901.0,0.3210961808033909
902.0,0.695427643244004
903.0,4.3009435822663034e-05
904.0,0.9895666634144042
905.0,0.2369817766455498
906.0,0.6724451602218984
907.0,0.6419688935106699
908.0,0.6610209117889181
909.0,0.8210453168665132
910.0,0.012709816461890953
911.0,0.26361849837173806
912.0,0.8891141894110883
913.0,0.3712138207269788
914.0,0.7401383236234074
915.0,0.9964723141653398
916.0,0.5464875284410411
917.0,0.10223229271573331
918.0,0.042090487799645006
919.0,0.5289942065062477
920.0,0.7087003549314131
921.0,0.7740449564117345
922.0,0.16210660239463562
923.0,0.04752185482395343
924.0,0.8853493999205688
925.0,0.8197662961878533
926.0,0.6005783875415548
927.0,0.1302135547407451
928.0,0.2284973157669455
929.0,0.28242634237063313
930.0,0.692595061742118
931.0,0.7737265958820161
932.0,0.017928391592683023
933.0,0.9239290859643134
934.0,0.16930396567108666
935.0,0.5162318456834285
936.0,0.4481276783581477
937.0,0.8452744645503123
938.0,0.2536824707125378
939.0,0.9597123473440811
940.0,0.9143226348087543
941.0,0.9988519683289115
942.0,0.37546205926386406
943.0,0.18199144819719326
944.0,0.8741796575529575
945.0,0.7854615723360038
946.0,0.22240761243473522
947.0,0.7103035359294587
948.0,0.7187675575309305
949.0,0.4663663410774268
950.0,0.6443422686159335
951.0,0.3912294262919405
952.0,0.0717947963923667
953.0,0.6351920157530454
954.0,0.2425811918738596
955.0,0.007728889279159282
956.0,0.9980763308965505
957.0,0.1559213685087413
958.0,0.9958809200749343
959.0,0.3990909486112063
960.0,0.3225992312220255
961.0,0.3866526599047584
962.0,0.3849515904088253
963.0,0.3505207126186024
964.0,0.38424041141091886
965.0,0.7353811983860237
966.0,0.31646736303608897
967.0,0.22311751342021802
968.0,0.999816882998449
969.0,0.6235422851464082
970.0,0.2788117773551149
971.0,0.18915434547174842
972.0,0.4848862800336327
973.0,0.27798652586427597
974.0,0.8626958872236522
975.0,0.04402664647139211
976.0,0.3830841975845622
977.0,0.9151173942383772
978.0,0.06674999553845805
979.0,0.22674428883227726
980.0,0.5515536877429865
981.0,0.5490038831747793
982.0,0.16824516921776525
983.0,0.6974351813199497
984.0,0.3867553166078956
985.0,0.38457853810870524
986.0,0.5987467569215242
987.0,0.5544453546127529
988.0,0.3143585480223448
989.0,0.8837466054738786
990.0,0.919612420069363
991.0,0.22644844183615032
992.0,0.988391801985873
993.0,0.7819259006512426
994.0,0.14621093847685196
1001.0,0.012078334308917783
1002.0,0.5527469624762589
1003.0,0.0016026508543227663
1004.0,0.036779162676871556
1005.0,0.017908300427768167
1006.0,0.9197485536043786
1007.0,0.12273669286219438
1008.0,0.2305169135216359
1009.0,0.9999834490316386
1010.0,0.36101077216089894
1011.0,0.8223694269005848
1012.0,0.3799996641742483
1013.0,0.8010577450502845
1014.0,0.4167507446497956
1015.0,0.9994066667248777
1016.0,0.6713139727741605
1017.0,0.9990213020264961
1018.0,0.7946621772669045
1019.0,0.4749375486885288
1020.0,0.6536566365782122
1021.0,0.9326774213145113
1022.0,0.31618577398258696
1023.0,0.24623725714572173
1024.0,0.10730816663475318
1025.0,0.9990017358952709
1026.0,0.8683446120761618
1027.0,0.45940279877528534
1028.0,0.16291319735065912
1029.0,0.07176629143653192
1030.0,0.4573824146624002
1031.0,0.3916610349148056
1032.0,0.6331020132731394
1033.0,0.029617141307790355
1034.0,0.3855217951358198
1035.0,0.9066858567417235
1036.0,0.4004123254853731
1037.0,0.24340432727104444
1038.0,0.1475206711628885
1039.0,0.011408747302006994
1040.0,0.185673931627916
1041.0,0.9995815258464954
1042.0,0.7774853015492557
1043.0,0.6009785773664416
1044.0,0.29546274535021744
1045.0,0.02627294037451596
1046.0,0.0518588043056274
1047.0,0.3906637636190105
1048.0,0.6117991868881898
1049.0,0.6347721691422622
1050.0,0.3654421282821862
1051.0,0.39911643344201725
1052.0,0.9406204861405817
1053.0,0.43574907027942633
1054.0,0.7752041890269656
1055.0,0.3554603324448139
1056.0,0.04689781093323408
1057.0,0.2622224969105112
1058.0,0.055097619166236254
1059.0,0.10363722527014389
1060.0,0.5455739624919039
1061.0,0.024153281969133324
1062.0,0.029735827808699804
1063.0,0.9810473126151634
1064.0,0.8946478084760988
1065.0,0.0013362599290178843
1066.0,0.28300497157580434
1067.0,0.9652922059383309
1068.0,0.8316722586214207
1069.0,0.9922505584341994
1070.0,0.3938293046583692
1071.0,0.05977285389964275
1072.0,0.023042647708634467
1073.0,0.06356625073805412
1074.0,0.9890436255038609
1075.0,0.037406920438140215
1076.0,0.03198677704597582
1077.0,0.40326301857042585
1078.0,0.7230185396418487
1079.0,0.008209341616689148
1080.0,0.7363247502135765
1081.0,0.046137743769300445
1082.0,0.017686353332382096
1083.0,0.7611849388963736
1084.0,0.3038955495098592
1085.0,0.26009288214789095
1086.0,0.39054707015573764
1087.0,0.46481118442407154
1088.0,0.8393628487787128
1089.0,0.28926516956332904
1090.0,0.7362441211794739
1091.0,0.7467324915169171
1092.0,0.06869617568450567
1093.0,0.6707118496828708
1094.0,0.299254647572713
1101.0,0.9546180060445718
1102.0,0.6891284916339754
1103.0,0.16060343315827885
1104.0,0.9647895498035701
1105.0,0.5901299866871558
1106.0,0.029028085182462332
1107.0,0.21996018225256445
1108.0,0.9487117138137586
1109.0,0.9951379288978814
1110.0,0.9999256054951701
1111.0,0.01662605516786149
1112.0,0.3103522949030504
1113.0,0.8041201938423502
1114.0,0.37864260856680254
1115.0,0.00920701885800127
1116.0,0.8093440898221135
1117.0,0.9087872467881731
1118.0,0.7565255100077718
1119.0,0.4994678225235294
1120.0,0.9980197849172641
1121.0,0.8788489390576383
1122.0,0.5466512354669085
1123.0,0.45538447842831703
1124.0,0.25039945528669055
1125.0,0.9984509291063549
1126.0,0.8649259169329793
1127.0,0.8925382962759493
1128.0,0.8069376202950889
1129.0,0.6812621515450247
1130.0,0.9670377768769319
1131.0,0.22759004487781914
1132.0,0.9998436529613149
1133.0,0.30830630630087225
1134.0,0.7092660309350569
1135.0,0.7837550427878167
1136.0,0.5114341719964772
1137.0,0.35586351170568653
1138.0,0.7701301485017588
1139.0,0.18830854977225828
1140.0,0.0703133323427611
1141.0,0.9903666245922936
1142.0,0.9774276938531509
1143.0,0.2437630982779909
1144.0,0.9081501897428419
1145.0,0.8551062577510942
1146.0,0.886298806807518
1147.0,0.9999903468571764
1148.0,0.36168466127585075
1149.0,0.5805816203604751
1150.0,0.17981314636231652
1151.0,0.008663334281542505
1152.0,0.1829094526651274
1153.0,0.24879948315533346
1154.0,0.07800342443649125
1155.0,0.21514082564648093
1156.0,0.5268268199246597
1157.0,0.10409313888313483
1158.0,0.29025096801945666
1159.0,0.26016577000448854
1160.0,0.6326050127895528
1161.0,0.9412119138623364
1162.0,0.9900371642302771
1163.0,0.9977243617388523
1164.0,0.9997867812841283
1165.0,0.9926680233232682
1166.0,0.22676096771127818
1167.0,0.9995745941775441
1168.0,0.9516218269667047
1169.0,0.9784957836271282
1170.0,0.12601081905446834
1171.0,0.5752497575371618
1172.0,0.26050283174194
1173.0,0.3456254873850718
1174.0,0.8478312235991039
1175.0,0.2140265466636522
1176.0,0.9244886325464845
1177.0,0.6921787004065423
1178.0,0.9371434541418392
1179.0,0.24575970257473806
1180.0,0.9787680113136005
1181.0,0.006768351763324482
1182.0,0.9928752281329863
1183.0,0.9999837611494123
1184.0,0.6660516701283534
1185.0,0.6265205214661227
1186.0,0.8991816789998517
1187.0,0.7672110522152631
1188.0,0.2363091346964168
1189.0,0.07571460180408585
1190.0,0.22621976252755668
1191.0,0.9315601757299179
1192.0,0.057122200441080004
1193.0,0.6618007359785147
1194.0,0.4109156600681259
1201.0,0.386242337229148
1202.0,0.8321872878742064
1203.0,0.21775761202745011
1204.0,0.9947187776781411
1205.0,0.5708664248056595
1206.0,0.9823841793016891
1207.0,0.11151332726490655
1208.0,0.86527798363037
1209.0,0.991859837630076
1210.0,0.08792146433975577
1211.0,0.5971729444901862
1212.0,0.5568236149499954
1213.0,0.5940747606044186
1214.0,0.2577699939451412
1215.0,0.1929249635567043
1216.0,0.8180002820469239
1217.0,0.9902196923433427
1218.0,0.2439533727895247
1219.0,0.3176497309139449
1220.0,0.8927728779076117
1221.0,0.9478206827257958
1222.0,0.3063328821945459
1223.0,0.9338370488849841
1224.0,0.0972580032441232
1225.0,0.7838556053226432
1226.0,0.0999638529705861
1227.0,0.32992182091236955
1228.0,0.21054750551022158
1229.0,0.19856238859997893
1230.0,0.8605002168423428
1231.0,0.5851755273381192
1232.0,0.999918021586343
1233.0,0.09432686452157399
1234.0,0.5009710988834045
1235.0,0.32346981781641093
1236.0,0.39528199584779017
1237.0,0.3319408719131344
1238.0,0.05671885362876814
1239.0,0.014295425437006725
1240.0,0.6450086068661044
1241.0,0.41545176814306733
1242.0,0.9066506859739589
1243.0,0.554874500480475
1244.0,0.5862433966252875
1245.0,0.02396128623486589
1246.0,0.9621796807456569
1247.0,0.9207803390314119
1248.0,0.3283927495658559
1249.0,0.5197648459125292
1250.0,0.5704672154987189
1251.0,0.3064285581361648
1252.0,0.7481685068783204
1253.0,0.9872855926220722
1254.0,0.27381960897457136
1255.0,0.8504426692033445
1256.0,0.25507984354505436
1257.0,0.5806088544392657
1258.0,0.203985925054162
1259.0,0.7520045473005454
1260.0,0.32679976237347097
1261.0,0.22177623146830386
1262.0,0.4082942331191422
1263.0,0.6836213654432195
1264.0,0.9942299182843881
1265.0,0.5658148907313182
1266.0,0.39415103206984775
1267.0,0.9982798971529652
1268.0,0.7431018146153294
1269.0,0.6222484774209487
1270.0,0.2525681625562067
1271.0,0.404463096608029
1272.0,0.31619553598202643
1273.0,0.5299862826243026
1274.0,0.048940760106484425
1275.0,0.4793928171767664
1276.0,0.06658542932785691
1277.0,0.16499797722050927
1278.0,0.6981595525496125
1279.0,0.09906515360554108
1280.0,0.11863637109629363
1281.0,0.3926448971040497
1282.0,0.3282071576707144
1283.0,0.9641611868827523
1284.0,0.34272365371385527
1285.0,0.9329203006163063
1286.0,0.5767000692506338
1287.0,0.9990736305231865
1288.0,0.3971836231493907
1289.0,0.028142165322168552
1290.0,0.3979749436403611
1291.0,0.8131587657894049
1292.0,0.859295537007951
1293.0,0.3073116389062859
1294.0,0.8773171974502493
1301.0,0.11410430030874508
1302.0,0.8728443047990038
1303.0,0.005927977853842358
1304.0,0.6728643563071024
1305.0,0.8415427600978926
1306.0,0.6044029068080291
1307.0,0.7521878047021484
1308.0,0.11906497816904797
1309.0,0.051273705606855104
1310.0,0.2062630081811081
1311.0,0.08926540628172899
1312.0,0.4731908970760052
1313.0,0.013674985578512483
1314.0,0.24361903178108138
1315.0,0.008328987071785011
1316.0,0.005449726191800682
1317.0,0.9030727715088416
1318.0,0.39393046787672603
1319.0,0.3950431658007809
1320.0,0.18987699483457918
1321.0,0.10118857562842005
1322.0,0.31574243687026077
1323.0,0.12355550787381993
1324.0,0.7514452181807503
1325.0,0.017704240179022755
1326.0,0.38326405302986344
1327.0,0.8769806298036273
1328.0,0.5247366868577141
1329.0,0.011745794237409134
1330.0,0.054975360785176494
1331.0,0.03694280842513518
1332.0,0.004234949398427883
1333.0,0.0809377170433806
1334.0,0.026399490362468588
1335.0,0.043931005809607314
1336.0,0.036657880642511
1337.0,0.05301609835988389
1338.0,0.025722272312505533
1339.0,0.27312900837555687
1340.0,0.07592166190902629
1341.0,0.014616065685919928
1342.0,0.05189436951407875
1343.0,0.09868137453552073
1344.0,0.6773134088201642
1345.0,0.07837790502371898
1346.0,0.2836101021895076
1347.0,0.3729141014765159
1348.0,0.15206610811748855
1349.0,0.03057565562764967
1350.0,0.1086311001173023
1351.0,0.2367381342353679
1352.0,0.10519029285911995
1353.0,0.031135939562860867
1354.0,0.011250109883431442
1355.0,0.6084300867835665
1356.0,0.9600819357692332
1357.0,0.37454868016515047
1358.0,0.7156254984409698
1359.0,0.04953342856017255
1360.0,0.19887248180638997
1361.0,0.4736388628140154
1362.0,0.08836376184814647
1363.0,0.07269672089786558
1364.0,0.04079818964542476
1365.0,0.043535461261058436
1366.0,0.6155144493869716
1367.0,0.9746504674929137
1368.0,0.6483621329834134
1369.0,0.07757717900572125
1370.0,0.1768258605513233
1371.0,0.054929702701703734
1372.0,0.2736274737771023
1373.0,0.7054543915980286
1374.0,0.2816170184185185
1375.0,0.3882034838232407
1376.0,0.19500433149644114
1377.0,0.6098194228892697
1378.0,0.7660479375444812
1379.0,0.13520553978901761
1380.0,0.204880703118535
1381.0,0.01414688911102441
1382.0,0.012151691318329036
1383.0,0.9148923873351326
1384.0,0.048093898990392535
1385.0,0.036765384665905475
1386.0,0.6173160710384098
1387.0,0.0027414783529312427
1388.0,0.7485944250406036
1389.0,0.1939223356554271
1390.0,0.37915313747119017
1391.0,0.07757227475573342
1392.0,0.0020141482897235883
1393.0,0.3876336277366347
1394.0,0.1569548304267243
1401.0,0.9251149092789813
1402.0,0.033668047065861864
1403.0,0.860734812842076
1404.0,0.9766172971769531
1405.0,0.37282210553200407
1406.0,0.23131133174428647
1407.0,0.208229514394775
1408.0,0.44605563877772114
1409.0,0.6834616991591891
1410.0,0.9946167115303223
1411.0,0.13065026626279286
1412.0,0.9990367337205807
1413.0,0.47565960448938166
1414.0,0.5960964683112526
1415.0,0.9759944485777369
1416.0,0.3132653297340091
1417.0,0.7629960680498794
1418.0,0.5548032346700184
1419.0,0.8429636547211058
1420.0,0.3715226333470486
1421.0,0.746842215262215
1422.0,0.4019899219776933
1423.0,0.24498728000212214
1424.0,0.8967195671730361
1425.0,0.022968542756932133
1426.0,0.1998849166163472
1427.0,0.30063514228309407
1428.0,0.1894494737438968
1429.0,0.49162113803107066
1430.0,0.9932049879407925
1431.0,0.2059509697561699
1432.0,0.36557323789928126
1433.0,0.2333918660921711
1434.0,0.5187511728898683
1435.0,0.7468382204951
1436.0,0.06502980168366397
1437.0,0.47601959239655933
1438.0,0.24388782437987963
1439.0,0.873468055598475
1440.0,0.9972669972209123
1441.0,0.2737140034790296
1442.0,0.39579509841266247
1443.0,0.8185713798124066
1444.0,0.6093978813876102
1445.0,0.7516476298926343
1446.0,0.1520173797258803
1447.0,0.9114419570289594
1448.0,0.3675800975015464
1449.0,0.6245521938716603
1450.0,0.9966426365471581
1451.0,0.7979342365862613
1452.0,0.21186509403692871
1453.0,0.7053224759215891
1454.0,0.09865017325780598
1455.0,0.19674811980832682
1456.0,0.6363755080107552
1457.0,0.2004685838745347
1458.0,0.354812348144214
1459.0,0.4580154879311179
1460.0,0.2958833958020917
1461.0,0.9763503463641192
1462.0,0.3636100539209842
1463.0,0.8435754250664622
1464.0,0.9453572711646481
1465.0,0.3745061318140158
1466.0,0.7479721347965604
1467.0,0.17963716933604815
1468.0,0.3974316686151279
1469.0,0.1788591050094183
1470.0,0.8677186970848502
1471.0,0.13492498343818182
1472.0,0.7396281274296248
1473.0,0.0014648320792617394
1474.0,0.40247770096756
1475.0,0.09044520430906583
1476.0,0.11078168401298139
1477.0,0.12103793193062118
1478.0,0.39979505108532853
1479.0,0.9519423398691788
1480.0,0.8507003040984039
1481.0,0.8047009035358109
1482.0,0.5064455999350136
1483.0,0.9737673521151666
1484.0,0.29837585854213167
1485.0,0.7402278170644221
1486.0,0.9942853952606748
1487.0,0.7010775696035372
1488.0,0.06038575006224737
1489.0,0.8778642513428025
1490.0,0.5695146045563453
1491.0,0.205659221584116
1492.0,0.5760265173552925
1493.0,0.452561746675767
1494.0,0.9873616902535381
1501.0,0.8431817508734414
1502.0,0.411396092955964
1503.0,0.09538360515613327
1504.0,0.9579502586251225
1505.0,0.9290358833383764
1506.0,0.5979834561952672
1507.0,0.7559108776485622
1508.0,0.928218607969319
1509.0,0.0018323713087853332
1510.0,0.15539418621801024
1511.0,0.531296678028242
1512.0,0.8351650797561847
1513.0,0.958758134420519
1514.0,0.03868973840265425
1515.0,0.9899072818016476
1516.0,0.9059038655659947
1517.0,0.7526264454929358
1518.0,0.6290521732043854
1519.0,0.9370070039783827
1520.0,0.2842516167997343
1521.0,0.5070849251490986
1522.0,0.8062142272682563
1523.0,0.9580686043522547
1524.0,0.745438216204617
1525.0,0.15101726344859825
1526.0,0.4905704315370473
1527.0,0.9755301789441129
1528.0,0.9017434387850912
1529.0,0.6928217444441516
1530.0,0.46637375369540446
1531.0,0.6867762824924226
1532.0,0.04821375686486411
1533.0,0.9632862548613643
1534.0,0.9814104157512398
1535.0,0.9233404336924627
1536.0,0.5838249699795296
1537.0,0.9928831251568844
1538.0,0.5520365091856817
1539.0,0.2509551684548663
1540.0,0.6118748340302855
1541.0,0.5107272626570125
1542.0,0.8209450506598266
1543.0,0.5466843720717431
1544.0,0.957083616105248
1545.0,0.5112434813271057
1546.0,0.9905556446487841
1547.0,0.3480503394526705
1548.0,0.8367563407162493
1549.0,0.9321471777031012
1550.0,0.011349795963417843
1551.0,0.9264188580111165
1552.0,0.7465774154156055
1553.0,0.4746183283599689
1554.0,0.8943795971208076
1555.0,0.9887113278633747
1556.0,0.08063034997745577
1557.0,0.7160008466558249
1558.0,0.989096834427518
1559.0,0.9248484143049435
1560.0,0.8122689867345755
1561.0,0.9472040714877293
1562.0,0.9269828731497091
1563.0,0.1745157234628185
1564.0,0.9445716925499017
1565.0,0.8261597722832872
1566.0,0.7325873304081303
1567.0,0.8589760569417366
1568.0,0.988724960845522
1569.0,0.6385461707999549
1570.0,0.9034569695678347
1571.0,0.2659770856640292
1572.0,0.9033750391902594
1573.0,0.9131807505601645
1574.0,0.31004571052658914
1575.0,0.576285993609939
1576.0,0.10546035127345176
1577.0,0.41390165179251365
1578.0,0.8433889121051747
1579.0,0.9784589142837408
1580.0,0.0832390177552363
1581.0,0.9630545593261621
1582.0,0.7978602223879487
1583.0,0.8938575497688034
1584.0,0.854309430737801
1585.0,0.8160289295867152
1586.0,0.8121315071771521
1587.0,0.5551735058216531
1588.0,0.9737774344623186
1589.0,0.8050347730765852
1590.0,0.9955607012923158
1591.0,0.9639582768094455
1592.0,0.8800115381629569
1593.0,0.8483379328034144
1594.0,0.8735440739297178
1601.0,0.23517536334774114
1602.0,0.9675111642903562
1603.0,0.04751446961245552
1604.0,0.9940661822089065
1605.0,0.3843902652956225
1606.0,0.29228390016522576
1607.0,0.71895571643205
1608.0,0.29536053379467675
1609.0,0.8746621198592673
1610.0,0.19994449208569837
1611.0,0.2481098204977307
1612.0,0.20971689615043518
1613.0,0.7130430634550123
1614.0,0.5748789468379631
1615.0,0.4397716251180143
1616.0,0.17004970813497577
1617.0,0.9988595340721653
1618.0,0.9601363953005503
1619.0,0.16172646695016055
1620.0,0.515332033795131
1621.0,0.6564812087652279
1622.0,0.513731879528111
1623.0,0.5874612146384496
1624.0,0.9588621943524582
1625.0,0.7879805947821902
1626.0,0.27955906955423965
1627.0,0.3144293135132637
1628.0,0.08650980299249743
1629.0,0.8559078781632978
1630.0,0.1000582294101758
1631.0,0.480635865654102
1632.0,0.9844583486351169
1633.0,0.3837063043372177
1634.0,0.5484727461229495
1635.0,0.6865443836552895
1636.0,0.6747416496120763
1637.0,0.02553680282205725
1638.0,0.5342235999282252
1639.0,0.6148400066477439
1640.0,0.1966329410261485
1641.0,0.12915219681361076
1642.0,0.9275661419594525
1643.0,0.3664046254749711
1644.0,0.9810624065655547
1645.0,0.9979019214768088
1646.0,0.18134078698304326
1647.0,0.9999567599272146
1648.0,0.7381832378929147
1649.0,0.20450012370709664
1650.0,0.02303942326688352
1651.0,0.49416687641722973
1652.0,0.3902837979166699
1653.0,0.9887324903001169
1654.0,0.518344655908482
1655.0,0.2103404139882322
1656.0,0.21551254309518234
1657.0,0.7325223062107401
1658.0,0.5530976124783273
1659.0,0.8274768659346963
1660.0,0.31176187116807336
1661.0,0.8437564296187261
1662.0,0.9903208480020667
1663.0,0.3730267296160424
1664.0,0.999992893365602
1665.0,0.8476147018092004
1666.0,0.13378684013815714
1667.0,0.9301315241862587
1668.0,0.050742186166820843
1669.0,0.1943602836029727
1670.0,0.5486457641729499
1671.0,0.8919812139919301
1672.0,0.907246783248017
1673.0,0.40613148005133876
1674.0,0.7632055016262064
1675.0,0.9771454161361581
1676.0,0.3768940624804923
1677.0,0.05666635464630842
1678.0,0.659411276951326
1679.0,0.930189934099234
1680.0,0.45398105146185924
1681.0,0.6212541494211663
1682.0,0.10835852892678706
1683.0,0.9967795024682449
1684.0,0.1372926034237632
1685.0,0.8138606673686505
1686.0,0.9486939828713681
1687.0,0.5094244793928874
1688.0,0.31339169915783766
1689.0,0.6463599243524205
1690.0,0.06708672292035771
1691.0,0.7938263548678548
1692.0,0.5879611616224271
1693.0,0.2923843331969303
1694.0,0.868717977238149
1701.0,0.8771593119335219
1702.0,0.37763933299777747
1703.0,0.38238921901317563
1704.0,0.18964750352907808
1705.0,0.5623300374540953
1706.0,0.005237142382173902
1707.0,0.7487662763741104
1708.0,0.17552077003265965
1709.0,0.1702143118112391
1710.0,0.4696868825829968
1711.0,0.09050264508102554
1712.0,0.4933620166464925
1713.0,0.214661790491554
1714.0,0.0365664809858843
1715.0,0.49545597246695977
1716.0,0.395113964275821
1717.0,0.2166915233192981
1718.0,0.5455970368877372
1719.0,0.6976300472086189
1720.0,0.5210583435535219
1721.0,0.8049848315004644
1722.0,0.1482521347249241
1723.0,0.11484525787602726
1724.0,0.04064922822757591
1725.0,0.19247637305554333
1726.0,0.5117339480841028
1727.0,0.4576597677678464
1728.0,0.6608794651856036
1729.0,0.14098040342959667
1730.0,0.26108641065004334
1731.0,0.29745356447462074
1732.0,0.189879967173773
1733.0,0.0898208675521184
1734.0,0.039497361759960374
1735.0,0.42419947210959763
1736.0,0.04444978574499995
1737.0,0.022812840593259835
1738.0,0.060883898697041756
1739.0,0.4833301707497165
1740.0,0.08727234882041489
1741.0,0.18872532506683856
1742.0,0.07866599205881677
1743.0,0.17253363307333378
1744.0,0.4571159143679164
1745.0,0.493870807505939
1746.0,0.09723838627516485
1747.0,0.16811236628635107
1748.0,0.31883224159750956
1749.0,0.04655333753932125
1750.0,0.006135315299095719
1751.0,0.12661494900227932
1752.0,0.12010004284305469
1753.0,0.27073504083640937
1754.0,0.05647921965724131
1755.0,0.6330443676887159
1756.0,0.12361326641776564
1757.0,0.16453481534666398
1758.0,0.8395623782994266
1759.0,0.39382178985687677
1760.0,0.2534837539715426
1761.0,0.32526003440853674
1762.0,0.6440667048624715
1763.0,0.08045156643669224
1764.0,0.24735497704946136
1765.0,0.1392303490781241
1766.0,0.620145756515045
1767.0,0.6562831031312767
1768.0,0.08450536176511363
1769.0,0.04906193621227016
1770.0,0.0754197663743206
1771.0,0.16530508807603156
1772.0,0.030399003471707244
1773.0,0.5097011023043252
1774.0,0.15986919314863607
1775.0,0.13330596232207895
1776.0,0.16306005505945553
1777.0,0.41645637296518984
1778.0,0.02317250931605016
1779.0,0.0058691978966559045
1780.0,0.03140652418802221
1781.0,0.3791699422977325
1782.0,0.13145291090123268
1783.0,0.0890018522840283
1784.0,0.11215169092277393
1785.0,0.17562063382321905
1786.0,0.088401920933595
1787.0,0.5036332273147198
1788.0,0.026381081498511205
1789.0,0.14684266006948377
1790.0,0.11360015393945005
1791.0,0.2629250733001073
1792.0,0.39405016594502307
1793.0,0.5516335685599854
1794.0,0.7600261898464977
1801.0,0.5834720336380385
1802.0,0.00814268983817984
1803.0,0.8641434995895103
1804.0,0.6087669627674956
1805.0,0.5767509739145116
1806.0,0.43648212759655985
1807.0,0.9997322219584955
1808.0,0.63924391820266
1809.0,0.012346719610624553
1810.0,0.38509183682329967
1811.0,0.99969528056848
1812.0,0.4057391878353388
1813.0,0.250194871039319
1814.0,0.979173298960411
1815.0,0.1217568252026017
1816.0,0.41801169486692497
1817.0,0.34415676220980196
1818.0,0.6158818599506803
1819.0,0.23362209386238908
1820.0,0.7076814403386523
1821.0,0.03276172982755794
1822.0,0.09289976537988431
1823.0,0.8087089002219224
1824.0,0.10139985565013811
1825.0,0.11207860062589742
1826.0,0.5016445225288849
1827.0,0.5306621947729561
1828.0,0.8960792009896795
1829.0,0.030484754341909094
1830.0,0.07014020463487858
1831.0,0.5776240630943259
1832.0,0.1583437097481587
1833.0,0.8452519740032861
1834.0,0.29738228367384933
1835.0,0.5376048864620058
1836.0,0.6090682134907387
1837.0,0.9142518409534668
1838.0,0.2500349201591637
1839.0,0.009735990241013917
1840.0,0.6591887804707153
1841.0,0.8075323856827699
1842.0,0.11323932739917421
1843.0,0.5020978585072342
1844.0,0.18410886104565033
1845.0,0.9299223018508173
1846.0,0.1695617340757965
1847.0,0.9995220456262757
1848.0,0.19642763386216244
1849.0,0.8860885062918209
1850.0,0.35441287663497106
1851.0,0.14273131291043212
1852.0,0.2292446198907609
1853.0,0.22380414927375053
1854.0,0.4225390985234922
1855.0,0.18353054447855405
1856.0,0.9533357867995642
1857.0,0.8486979572117916
1858.0,0.20884610935834122
1859.0,0.22131813976483433
1860.0,0.04115271830189988
1861.0,0.5203192212472283
1862.0,0.5245511982824356
1863.0,0.836317766719322
1864.0,0.9999512039580658
1865.0,0.10262340603808123
1866.0,0.0804461658774043
1867.0,0.9890991743037044
1868.0,0.8850050587947222
1869.0,0.8291758613215758
1870.0,0.03221668301963882
1871.0,0.5193809872112536
1872.0,0.17735834577122447
1873.0,0.11132713399877871
1874.0,0.9435957397806394
1875.0,0.7922988278148898
1876.0,0.2715534455225856
1877.0,0.044467483362398454
1878.0,0.9126451370641424
1879.0,0.5460947229554832
1880.0,0.10185068392315683
1881.0,0.9936023891645679
1882.0,0.5317159499800318
1883.0,0.9890465732265004
1884.0,0.3796390807559108
1885.0,0.6826891546193217
1886.0,0.6152826756499822
1887.0,0.6511403931922732
1888.0,0.40752854384093073
1889.0,0.2038579703430442
1890.0,0.4057193469665317
1891.0,0.043126746817439714
1892.0,0.331979895284727
1893.0,0.3106723663079377
1894.0,0.5092882643761074
1901.0,0.03748514711964874
1902.0,0.045546842081617966
1903.0,0.3881874211476772
1904.0,0.08395029413886747
1905.0,0.2391396760439418
1906.0,0.14100580512680824
1907.0,0.9999254633195673
1908.0,0.04237555131381644
1909.0,0.7202709056864526
1910.0,0.19423076131598252
1911.0,0.22965561545122837
1912.0,0.16765760556122292
1913.0,0.0801331987793661
1914.0,0.23248623994981907
1915.0,0.998312817056058
1916.0,0.023355465761688923
1917.0,0.5438217411474912
1918.0,0.027743411299439278
1919.0,0.2690170858022349
1920.0,0.8324557004804926
1921.0,0.7476346973003166
1922.0,0.5886740481874749
1923.0,0.26560471467754504
1924.0,0.20953336214347884
1925.0,0.1390455080133231
1926.0,0.890460300942841
1927.0,0.4138937602403509
1928.0,0.6991807357599437
1929.0,0.0254285811469203
1930.0,0.42848605662225303
1931.0,0.3089591816840228
1932.0,0.8868005005402636
1933.0,0.5568507179148361
1934.0,0.0466645767746328
1935.0,0.008345298820767623
1936.0,0.14256648923445006
1937.0,0.26757320225040915
1938.0,0.5477894682662704
1939.0,0.9442382158354657
1940.0,0.9977236545945091
1941.0,0.533406280519607
1942.0,0.7118259272706524
1943.0,0.8777409152760512
1944.0,0.3429119443515574
1945.0,0.5797152806944074
1946.0,0.6124849235049608
1947.0,0.9986687786760322
1948.0,0.056745538475181934
1949.0,0.07680714742408745
1950.0,0.092291763244179
1951.0,0.09277572153039573
1952.0,0.9307895498209114
1953.0,0.028483780100202652
1954.0,0.3366625352520864
1955.0,0.9214646443312626
1956.0,0.652876312100015
1957.0,0.20711103158488092
1958.0,0.2051513639905388
1959.0,0.09509168798077385
1960.0,0.13914207974600312
1961.0,0.4570718767005838
1962.0,0.027878566266722533
1963.0,0.16755670137090492
1964.0,0.8431319762087198
1965.0,0.049156557989028696
1966.0,0.19920549762334103
1967.0,0.9990178530139909
1968.0,0.3049696860573367
1969.0,0.6599728134965503
1970.0,0.01721014565910554
1971.0,0.103898877790516
1972.0,0.14001754045730316
1973.0,0.4126029394688133
1974.0,0.19253189543240193
1975.0,0.034905978090567565
1976.0,0.13844797398819422
1977.0,0.16702125677992147
1978.0,0.018267120460899695
1979.0,0.40667495362308126
1980.0,0.8211872450488767
1981.0,0.9207294730734653
1982.0,0.11644036998259873
1983.0,0.6183734277647106
1984.0,0.10124700192649436
1985.0,0.05058864777975556
1986.0,0.41516946216195605
1987.0,0.7620419682745708
1988.0,0.37284871270594594
1989.0,0.6184709960899349
1990.0,0.7543759701823118
1991.0,0.028057779628079524
1992.0,0.1432030948369825
1993.0,0.37955970344097384
1994.0,0.6839054287132272
2001.0,0.6741706984105105
2002.0,0.3993930549444553
2003.0,0.7567085700850756
2004.0,0.4232291912396927
2005.0,0.10318913973597674
2006.0,0.635087412110107
2007.0,0.7486580016923832
2008.0,0.17389488833286834
2009.0,0.37220951103520344
2010.0,0.3871631060241239
2011.0,0.7123852319726715
2012.0,0.6906282773520149
2013.0,0.08427070624186782
2014.0,0.36093877080938264
2015.0,0.9992311189053023
2016.0,0.23824701894695233
2017.0,0.38003367892892526
2018.0,0.7265375653898684
2019.0,0.9770985840108063
2020.0,0.5056523957992496
2021.0,0.8330316423535303
2022.0,0.9894697041386801
2023.0,0.45660135561985726
2024.0,0.9126466149572376
2025.0,0.9595424510181669
2026.0,0.1472723689275173
2027.0,0.10697439105612495
2028.0,0.9065152489639989
2029.0,0.7110004652942324
2030.0,0.6528047091595996
2031.0,0.11528803356756388
2032.0,0.0003426584705622597
2033.0,0.5278485401539156
2034.0,0.17108138952870167
2035.0,0.2948694543426773
2036.0,0.4457027117425575
2037.0,0.14715339942593314
2038.0,0.8824297521377934
2039.0,0.48993303299142477
2040.0,0.9855259881138395
2041.0,0.2844361685961073
2042.0,0.09338875490711766
2043.0,0.994681200968568
2044.0,0.5131475788389194
2045.0,0.17468098100130625
2046.0,0.7477696516572917
2047.0,0.5413752221071109
2048.0,0.48848939220937493
2049.0,0.12598428971155162
2050.0,0.980024152989519
2051.0,0.8141375634296544
2052.0,0.19490240925152377
2053.0,0.818075759574357
2054.0,0.6739774307518163
2055.0,0.997786994785058
2056.0,0.8523580424846999
2057.0,0.5206037495567939
2058.0,0.26905743843011265
2059.0,0.23262518407696972
2060.0,0.8960329275102702
2061.0,0.9291108966182428
2062.0,0.3911413530311319
2063.0,0.6804430230206318
2064.0,0.9857709222663779
2065.0,0.7582208186988023
2066.0,0.8605109851825404
2067.0,0.021081923870581606
2068.0,0.11421923929597735
2069.0,0.40800649752718626
2070.0,0.9328378999617369
2071.0,0.7388490994055528
2072.0,0.28486218744880865
2073.0,0.8636639004141718
2074.0,0.647330449992289
2075.0,0.777079042975313
2076.0,0.6321530341221585
2077.0,0.7244371699837674
2078.0,0.9225287564246032
2079.0,0.008231619488228035
2080.0,0.5180106318770263
2081.0,0.39845803404328556
2082.0,0.9542966758688586
2083.0,0.9896927226956186
2084.0,0.5174480367018772
2085.0,0.27496600959001577
2086.0,0.7323880848813744
2087.0,0.5155790686315809
2088.0,0.2997332151080659
2089.0,0.6190160617233473
2090.0,0.7062168654708841
2091.0,0.9253112504846704
2092.0,0.227409666919196
2093.0,0.03734628423021081
2094.0,0.06681258636567708
2101.0,0.3607043963962728
2102.0,0.9947186995947811
2103.0,0.584707853587591
2104.0,0.06349304821392135
2105.0,0.8752979435442475
2106.0,0.4067607128127069
2107.0,0.23117120053855045
2108.0,0.4827360761434505
2109.0,0.026735073764868125
2110.0,0.2798687199065345
2111.0,0.4437791748237242
2112.0,0.3942301869905935
2113.0,0.7348745176426973
2114.0,0.7593433196855398
2115.0,0.0838271951935393
2116.0,0.715534175966777
2117.0,0.00012077147800782932
2118.0,0.8422798889744879
2119.0,0.18010815366364807
2120.0,0.34473994902453586
2121.0,0.08711315849384589
2122.0,0.9409192630392542
2123.0,0.3268960033503092
2124.0,0.7793631079569021
2125.0,0.7796424305606493
2126.0,0.5028426637366051
2127.0,0.7426906897796823
2128.0,0.8520211730940328
2129.0,0.5000765366794724
2130.0,0.5950296842280094
2131.0,0.3895343984062324
2132.0,0.0007426453242000305
2133.0,0.762076751099625
2134.0,0.6776155018553608
2135.0,0.8679563598245302
2136.0,0.04230265566039283
2137.0,0.38896390157686783
2138.0,0.4026407718852116
2139.0,0.04575096946780767
2140.0,0.39254516308443
2141.0,0.8813395564800038
2142.0,0.9783563317683667
2143.0,0.5423333017541592
2144.0,0.025763521027502175
2145.0,0.0007791309140789953
2146.0,0.8956922606240328
2147.0,0.038393457549954914
2148.0,0.3189119655969034
2149.0,0.8323287118075361
2150.0,0.8011635368009339
2151.0,0.6366021914760662
2152.0,0.7656672721412686
2153.0,0.8814140954575759
2154.0,0.478749804764326
2155.0,0.6274727347551903
2156.0,0.0024228009531607367
2157.0,0.4309854655602464
2158.0,0.16901719900894385
2159.0,0.822436184080551
2160.0,0.2589883026312085
2161.0,0.05842639664808671
2162.0,0.7104804436722445
2163.0,0.8384962115937825
2164.0,0.03903405889771951
2165.0,0.40564635636909113
2166.0,0.025496143316252246
2167.0,0.05676053663727087
2168.0,0.4904320363392891
2169.0,0.976110341076341
2170.0,0.7810408319849501
2171.0,0.7630209018879078
2172.0,0.8025756900632862
2173.0,0.38081534093872027
2174.0,0.4634196096886368
2175.0,0.22378382001940256
2176.0,0.040613086298677464
2177.0,0.9103767635225803
2178.0,0.7482259718992335
2179.0,0.07518333077020686
2180.0,0.18161758889822607
2181.0,0.010839153042782882
2182.0,0.4225142959558335
2183.0,0.520242750882621
2184.0,0.05081172502953352
2185.0,0.0007175320363739443
2186.0,0.3945502999591606
2187.0,0.5627842129367236
2188.0,0.9267395271577183
2189.0,0.50044089295264
2190.0,0.5484337023708805
2191.0,0.9918015040672451
2192.0,0.00119450029694382
2193.0,0.20590262743417828
2194.0,0.11171608652910053
2201.0,0.9505405548481496
2202.0,0.01168035929618598
2203.0,0.9817554872811315
2204.0,0.8461381952190301
2205.0,0.05640778408731765
2206.0,0.7111674754671716
2207.0,0.5309697593992635
2208.0,0.45459979034930686
2209.0,0.9969566408660705
2210.0,0.25143826010867554
2211.0,0.2480442860060968
2212.0,0.16853695286049789
2213.0,0.07742240697999948
2214.0,0.6215115413738493
2215.0,0.020163755217658823
2216.0,0.12380225303977312
2217.0,0.24293039969159314
2218.0,0.17834432975418948
2219.0,0.20182416738152312
2220.0,0.196098813420725
2221.0,0.9974019900449794
2222.0,0.9816189468513911
2223.0,0.8708585897744965
2224.0,0.017784015884758742
2225.0,0.5823200473223991
2226.0,0.9572550548587151
2227.0,0.9832689960195243
2228.0,0.851714273340417
2229.0,0.41331552916406494
2230.0,0.7519752346809302
2231.0,0.3913940791612872
2232.0,0.988402125832051
2233.0,0.5347696972110141
2234.0,0.10110505857483242
2235.0,0.4725459196610987
2236.0,0.8811241690995106
2237.0,0.15520953282439215
2238.0,0.9382807962752953
2239.0,0.588906395268287
2240.0,0.07151356323719849
2241.0,0.9658156225107141
2242.0,0.13226120433765548
2243.0,0.3773046157098886
2244.0,0.15757795444285055
2245.0,0.07035696345988128
2246.0,0.1692660818816727
2247.0,0.8155675915829712
2248.0,0.5099412797194788
2249.0,0.11320483314520262
2250.0,0.20446485884396393
2251.0,0.6196714119398625
2252.0,0.9328477988369777
2253.0,0.911208868767045
2254.0,0.13283950188055813
2255.0,0.04677226102007428
2256.0,0.24872599214602106
2257.0,0.3262033660572146
2258.0,0.87013430119912
2259.0,0.10541760074958668
2260.0,0.16872713559474792
2261.0,0.32411701933158155
2262.0,0.6947508312610163
2263.0,0.9476512395754463
2264.0,0.027577566881229698
2265.0,5.5012645138245204e-11
2266.0,0.17887984179362446
2267.0,0.3659361133560697
2268.0,0.12476412833938895
2269.0,0.8504317111375882
2270.0,0.742475783806653
2271.0,0.9027785539598335
2272.0,0.38995139185849015
2273.0,0.028302442205937188
2274.0,0.46185166993787613
2275.0,0.0033914698018664997
2276.0,0.6926083511389065
2277.0,0.7132713609845721
2278.0,0.7119909389406246
2279.0,0.40483198994702724
2280.0,0.9757865483910777
2281.0,0.24659214373259078
2282.0,0.017959123806095267
2283.0,0.00461921233046175
2284.0,0.0168620193161824
2285.0,0.47766483632413353
2286.0,0.5984750648901048
2287.0,0.014106520883967332
2288.0,0.47420376625825816
2289.0,0.5177173346171737
2290.0,0.9719693435841322
2291.0,0.8646682959098912
2292.0,0.12103875893560924
2293.0,0.7379216271779829
2294.0,0.7593610236092961
2301.0,0.8967264633556854
2302.0,0.6783629097023897
2303.0,0.00450024503898267
2304.0,0.020446442775780223
2305.0,0.40974659966012095
2306.0,0.12009465230547885
2307.0,0.011416372613764627
2308.0,0.7400994966018001
2309.0,0.47089886813543763
2310.0,0.9135437281644048
2311.0,0.38629714991441083
2312.0,0.37933812377356607
2313.0,0.30673033958218154
2314.0,0.9467143762650101
2315.0,0.2488341405211508
2316.0,0.9675457693649221
2317.0,0.8402458490283576
2318.0,0.4607228724829736
2319.0,0.03495232680556316
2320.0,0.7679059614464149
2321.0,0.9855686411971473
2322.0,0.13263834138974265
2323.0,0.2613476061225417
2324.0,0.8035479331934419
2325.0,0.6664021645627894
2326.0,0.3996673347914917
2327.0,0.7697302257500529
2328.0,0.6040595187193329
2329.0,0.7811761418060326
2330.0,0.7273374854734788
2331.0,0.8752606325963111
2332.0,0.2039954910028789
2333.0,0.3283159531227505
2334.0,0.28615457597232413
2335.0,0.12605699375176144
2336.0,0.05648869172019707
2337.0,0.8563145222279248
2338.0,0.15005770723352502
2339.0,0.04872937346324711
2340.0,0.9573724107355408
2341.0,0.385018917921498
2342.0,0.01621724367818506
2343.0,0.7847854652663638
2344.0,0.43282752546770076
2345.0,0.1934441631949441
2346.0,0.24171520970987442
2347.0,0.963151477026478
2348.0,0.6470287424943576
2349.0,0.18140022978947212
2350.0,0.5956086115733558
2351.0,0.7859101318688025
2352.0,0.21216425933976887
2353.0,0.46970570403596346
2354.0,0.013303379716217693
2355.0,0.8585309772246021
2356.0,0.060039834106987905
2357.0,0.051370193840427424
2358.0,0.26088906175336535
2359.0,0.38236235413118747
2360.0,0.6008008116407186
2361.0,0.14642324800337322
2362.0,0.5158832582185421
2363.0,0.16681413132447648
2364.0,0.01875264364456399
2365.0,0.91076053369528
2366.0,0.056321895958838145
2367.0,0.8121355340663181
2368.0,0.9617741300875307
2369.0,0.4008577175329699
2370.0,0.8375702898521545
2371.0,0.30359728721426027
2372.0,0.5412082706292909
2373.0,0.13555896099306566
2374.0,0.8131933875239932
2375.0,0.031233449842330802
2376.0,0.9734503726920913
2377.0,0.9141874865355446
2378.0,0.6455863160402266
2379.0,0.21169562934579816
2380.0,0.14627277045066378
2381.0,0.06273975731707473
2382.0,0.036967640798504404
2383.0,0.04575537570580983
2384.0,0.2841551799569428
2385.0,0.7786956393411949
2386.0,0.7943124170486126
2387.0,0.27700066857541367
2388.0,0.3002534093675562
2389.0,0.801657202727554
2390.0,0.02467680987064548
2391.0,0.998162156157259
2392.0,0.3660247009815541
2393.0,0.6175055747275029
2394.0,0.967388234335336
2401.0,0.15976600282054784
2402.0,0.8306968408218629
2403.0,0.02198365098230014
2404.0,0.7189282844867857
2405.0,0.21062440475402522
2406.0,0.09934989995689412
2407.0,0.9622379204286033
2408.0,0.586464778171003
2409.0,0.006925402794637218
2410.0,0.3198755566205758
2411.0,0.0325088018477398
2412.0,0.5093094517057034
2413.0,0.10114883858239827
2414.0,0.8571825295685466
2415.0,0.15761559665126335
2416.0,0.09282392896708166
2417.0,0.5417736600687497
2418.0,0.47735872911010957
2419.0,0.5578113745498935
2420.0,0.3251287184252433
2421.0,0.9960651645042844
2422.0,0.12798666761589905
2423.0,0.9939203027536365
2424.0,0.4624904273961868
2425.0,0.06287762324316554
2426.0,0.1539847375495425
2427.0,0.2510453077359312
2428.0,0.3710723903178206
2429.0,0.3751554917494647
2430.0,0.38981155418637875
2431.0,0.8210781378035653
2432.0,0.38257239362861734
2433.0,0.24026119681167005
2434.0,0.2577938623973125
2435.0,0.27471834660373307
2436.0,0.09508489725067136
2437.0,0.5058371098479452
2438.0,0.8032605442653499
2439.0,0.9471541906680945
2440.0,0.6588192390198966
2441.0,0.044602372210229814
2442.0,0.7901447733941065
2443.0,0.18182289360557144
2444.0,0.24497926606663656
2445.0,0.1252289789582659
2446.0,0.09810771303161217
2447.0,0.9958019413267729
2448.0,0.7125868063046306
2449.0,0.05129707941659202
2450.0,0.10187641679421779
2451.0,0.39610339871023953
2452.0,0.22810010425109845
2453.0,0.16367183385257347
2454.0,0.99823873009288
2455.0,0.028629067160772778
2456.0,0.2755577367338329
2457.0,0.07624287610398865
2458.0,0.8935590803187864
2459.0,0.23799176096369795
2460.0,0.18345472519043768
2461.0,0.07225005565953571
2462.0,0.6865548872194097
2463.0,0.06968840940993687
2464.0,0.9607363764543271
2465.0,0.9959899363768379
2466.0,0.22348568031352756
2467.0,0.9986331345751844
2468.0,0.1836523482573543
2469.0,0.013391199125014934
2470.0,0.3966326997183921
2471.0,0.3370862490606712
2472.0,0.30383275894997164
2473.0,0.8488964869186635
2474.0,0.10257970468386064
2475.0,0.40182358691333686
2476.0,0.16713623696166283
2477.0,0.9970227539342142
2478.0,0.9614298853089932
2479.0,0.010578900774561617
2480.0,0.22651064682495015
2481.0,0.18301604694740117
2482.0,0.1511769633324463
2483.0,0.963592307163576
2484.0,0.5587086871357738
2485.0,0.8882202110797498
2486.0,0.5434118579671218
2487.0,0.765859096524348
2488.0,0.4848309650139307
2489.0,0.005489130058261847
2490.0,0.1301691490359342
2491.0,0.5862503047465477
2492.0,0.7464002671715172
2493.0,0.19156446054191145
2494.0,0.08928696393516672
2501.0,0.16926531021936994
2502.0,0.928771961003127
2503.0,0.7494167539214578
2504.0,0.39309878508149987
2505.0,0.7435840670239037
2506.0,0.2992280887816651
2507.0,0.9915694822233693
2508.0,0.9810564988378321
2509.0,0.6911936938684209
2510.0,0.4797812775244799
2511.0,0.8071976240097867
2512.0,0.06455390179212955
2513.0,0.01529463514851057
2514.0,0.8408720864373779
2515.0,0.9942355538496639
2516.0,0.012663622981596697
2517.0,0.0026717858132658894
2518.0,0.24470398078302402
2519.0,0.3075044723216059
2520.0,0.10185581185146005
2521.0,0.09682354276389323
2522.0,0.47918087329133613
2523.0,0.20154169274440048
2524.0,0.310370596605862
2525.0,0.2546083812523937
2526.0,0.7190605383628104
2527.0,0.15136785173472536
2528.0,0.04789906261033919
2529.0,0.07740561839623901
2530.0,0.3880277167090713
2531.0,0.7456356767417045
2532.0,0.03487713914581128
2533.0,0.14623257901056683
2534.0,0.14355672019646426
2535.0,0.72534669486097
2536.0,0.12003449621353077
2537.0,0.0164927912139873
2538.0,0.41094442107604445
2539.0,0.9142156059462151
2540.0,0.00895602930758671
2541.0,0.17946287903195915
2542.0,0.27626548716757693
2543.0,0.1624646598380425
2544.0,0.10942259540657288
2545.0,0.1989294431853226
2546.0,0.21074817202895502
2547.0,0.07209460568896196
2548.0,0.06377024442193541
2549.0,0.10408072150292805
2550.0,0.03222812174479015
2551.0,0.474421342152356
2552.0,0.9621698788351624
2553.0,0.14262637997446734
2554.0,0.0855607960792632
2555.0,0.011351382210617331
2556.0,0.9899401748036841
2557.0,0.846101813431193
2558.0,0.9950840092680973
2559.0,0.013436141033048098
2560.0,0.11493265636472234
2561.0,0.464577149989518
2562.0,0.12351937474625871
2563.0,0.639514869265603
2564.0,0.9802641328704752
2565.0,0.39125539214832294
2566.0,0.11221439257280942
2567.0,0.9616834529134932
2568.0,0.21223055438693322
2569.0,0.3847245708620693
2570.0,0.1002156397472131
2571.0,0.29320668396464616
2572.0,0.45717809281740135
2573.0,0.3157095991110781
2574.0,0.10132554328663182
2575.0,0.5893108342891967
2576.0,0.03001483826478693
2577.0,0.3819589496585204
2578.0,0.42318184592763897
2579.0,0.06389221035591446
2580.0,0.3321992273822836
2581.0,0.5714807405649298
2582.0,0.6269963143746329
2583.0,0.33712976188815463
2584.0,0.2733030305829635
2585.0,0.3925028184335575
2586.0,0.2086393722075103
2587.0,0.9947956407795002
2588.0,0.22568510484940793
2589.0,0.3645057686546486
2590.0,0.22742088264128732
2591.0,0.40219587872010276
2592.0,0.19625452569747492
2593.0,0.1870141407715914
2594.0,0.8818123239121927
